{
  "id": "bickford-compounding-intelligence-v1",
  "title": "Compounding Intelligence Math (The Moat)",
  "timestamp": "2026-01-05T10:32:00-05:00",
  "authority": "Bickford Technologies, Inc.",
  "immutable": true,
  "thesis": "\nThis is why the moat compounds rather than erodes.\n\nMost AI systems learn probabilistically and plateau.\nBickford learns structurally and compounds.\n",
  "negative_learning_constraints": [
    "No weight fine-tuning",
    "No probabilistic reinforcement",
    "No behavioral drift",
    "No guessing-based improvement"
  ],
  "definitions": {
    "Dt": "Decisions required at time t",
    "Mt": "Decisions already encoded in canon",
    "Et": "Executions",
    "Rt": "Re-decisions",
    "Bt": "Human burden"
  },
  "burden_equation": "\nBt = |Dt - Mt|\nEvery decision not encoded is future burden.\n",
  "compounding_law": "\nMt+1 = Mt + ΔM\nΔM = { d ∈ Dt | d proven + enforced }\nlim t→∞ Bt → 0\n",
  "properties": [
    "Canon is immutable",
    "Decisions never decay",
    "Execution patterns become permanent law",
    "Humans never re-explain known intent"
  ],
  "comparison": {
    "traditional_ai": [
      "Learns fast",
      "Forgets faster",
      "Moat erodes"
    ],
    "bickford": [
      "Learns once",
      "Enforces forever",
      "Moat compounds"
    ]
  },
  "optr_integration": {
    "scoring_function": "TTV(π) = E[t_value | π]",
    "promotion_rule": "ΔTTV < 0 AND no non-interference violation",
    "invariant": "Canon remembers the fastest safe path, not just any path"
  },
  "non_interference_constraint": "\nFor agents i ≠ j:\nΔE[TTV_j | π_i] ≤ 0\nEnforced at runtime, not review time.\n",
  "strategic_implications": {
    "constitutional_ai": "\nClaude governs reasoning.\nBickford governs execution.\nCanon governs memory.\n",
    "network_effects": "\nCanon grows across customers and industries.\nLate entrants start from M0 = ∅.\n",
    "build_vs_buy": "\nTechnology can be replicated.\nDeployed canon cannot.\n"
  },
  "valuation_model": {
    "traditional_ai": "Value = model × compute × data",
    "bickford": "Value = Mt (accumulated institutional memory)",
    "invariant": "dM/dt > 0 AND M never decreases"
  },
  "projection": {
    "customers": 500,
    "canon_rules": 50000,
    "ledgered_decisions": 10000000,
    "institutional_knowledge_value_usd": 100000000
  }
}
